{"weights": [-0.08415058127953179, -0.15753039101310948, -0.04469555003590211, 0.018976381522977953, -0.12190594493386595, -0.30405568875187716, -0.3177790726347393, 0.026971472877327575, -0.7352639533230975, 0.07189501409084059, 0.33264374303411126, -0.04138813270222007, 0.31637653219901, -0.2312383560742065, 0.212106148524858, -0.07104315285399754, -0.7702002923535647, -0.23841035120787032, 0.5996879720655706, -0.34745999914038317], "biases": [0.2364665679043294, -0.02411658088809401], "score": 26.300000000000086}