{"weights": [0.06534723152739387, -0.48413731042367425, 0.6922422101009696, 0.6494605796709605, 0.08085126244582239, -0.11511366714485681, 0.8992271306584156, -0.0438365348666724, -0.41832585208394024, -0.1428398972743108, -0.8117366193866972, -0.9616642051340396, 0.07335117001658431, 0.014901895262977242, -0.09386754276606034, -0.3587482827768135, -0.40020171635327434, 0.23501301917484677, -0.21656723632920455, -0.45301641700539813], "biases": [0.049680897435090084, -0.03905481113766693], "score": 54.166666666666934}