{"weights": [0.24786919429963497, -0.3458508063622235, 1.1371070876115674, 0.06697161458788403, -0.04303064821259534, 0.12602819660337414, 0.2609121510051778, -1.242371511658193, 0.2470017776051418, -0.7842991340016173, -0.5384022956423548, 0.2618934286730827, 0.41421196781409336, -0.6965229626259564, -0.9912349007636705, -0.4893280649259912, -0.26901397614271405, -0.42881227592218396, 0.7325427555710637, -0.049344126402417865], "biases": [0.13934643303571825, 0.055177686281475624], "score": 28.33333333333337}