{"weights": [-0.7698606439641016, -0.1478887701555655, 0.13822568461675663, -0.7935973711714739, -0.38647138472808507, 0.5964368538687187, 0.3745526891700102, 0.20084285892612885, 0.4711033360309086, -0.3614655679270157, -0.017335843701926985, 0.023954616488372923, 0.19344661349009898, -0.5355314729820987, -0.2291219612969415, 0.034761371851342746, 0.1576233859728953, -0.20945899060466708, -0.23403569951030945, -0.09525879805367916], "biases": [0.05638055642749619, 0.01363839325881307], "score": 46.70000000000022}