{"weights": [0.38810618316445744, -0.3635201334651531, 0.18914929808473852, -0.4785907309414832, 0.08015061562152481, -0.6070488673968879, -0.7616594035801262, -0.5409657622801523, -0.4074696574612563, -0.46264019148633684, 0.5466749240664062, 0.8380845792849613, -1.2586577357525177, 0.6045216181807116, -0.33282513491379917, 0.08016064692639367, -0.8368098947193509, -0.2977194310213251, 0.2682555475546573, -0.7181122386100679], "biases": [0.09079664943854285, -0.03124438463234121], "score": 34.666666666666735}