{"weights": [-0.44620916032213875, -0.7185786529198579, 0.6922422101009696, 0.6494605796709605, 0.08085126244582239, -0.24501036614007238, 0.8992271306584156, -0.0438365348666724, 0.10172897125219882, -0.1428398972743108, -0.8117366193866972, -0.22683326691016759, 0.07335117001658431, 0.32645357545022585, -0.09386754276606034, -0.3587482827768135, 0.21357319079884213, 0.022973876263913284, -0.1471262918841725, -0.05982105762165102], "biases": [0.6464038996985995, -0.03905481113766693], "score": 64.03333333333364}