{"weights": [-0.18297737104692305, -0.11219373859194938, -0.2872726180582025, 0.10880888809525806, -0.04353461621269227, 0.1693827005441271, 0.8924715859026673, -0.48529376312449907, 0.33012436486397195, 0.66235420892969, -0.7572089872816054, 1.170415497137266, 0.16589544441566706, -0.7823221639383656, -0.547802666944441, 0.641701530519211, 0.06019448407251718, -0.010816539217645645, -0.561976855808818, -0.44179694407559195], "biases": [0.08053920068915223, 0.06585479876526582], "score": 57.30000000000005}