{"weights": [-0.49350748085777013, -0.5120570389801907, -1.078635743541472, -0.6411160475859458, 0.024884648632473833, 0.2680585474197605, -0.20840819951831924, 0.39072526802305857, 0.5632327828745415, 0.27045416504880304, 0.739647455667795, 0.5862737615044673, -0.8386820715682516, -0.31365069486408304, 0.1364797583303436, -0.9088728989145186, -0.23302947598164012, -0.31891709198845325, 0.04220093397900653, 0.07388708729051864], "biases": [-0.003927583125731521, -0.12497959947329773], "score": 35.2000000000001}