{"weights": [0.3914063363753685, -0.13720202674280096, -0.3101525456535967, 0.8335015404103792, 0.015454374700502016, -0.398120003790559, 0.27977022139799895, 0.3441880124472004, -1.0694683118545523, -0.7184642766008039, -0.42424274877550283, -0.9048897040264635, -0.12476630181737361, 0.31842801213965083, -0.1209389158440079, -0.3792555142350403, 1.129368974819531, -0.10159603902539521, 0.9354342509958063, 0.6451335561060794], "biases": [-0.2384050068292683, -0.9438820666609585], "score": 37.1500000000001}