{"weights": [-1.9734459854769195, 1.209990083255665, -0.36183312038410886, -1.863613317949468, -0.5933361718078892, 0.3721833440434401, -0.15572547872819317, -1.6503751920716785, 0.02535004393982654, -0.2083082702160218, -0.626458532885945, 0.08373488620091088, -1.1597459252872055, -0.3606290288179267, -0.8854592431027131, 1.4282908167852324, 0.580582386675609, -0.5885896740869352, 0.05981757041846242, -1.4760388999406175], "biases": [-0.8876538391731615, -1.060863885019351], "score": 47.78333333333354}