{"weights": [0.12215637274619873, 0.1804950908662445, -0.5824808982248924, -0.7813109439047375, 0.6991628834173272, 0.9900299515021947, 0.1430921420955889, 0.002505102714263796, -0.6706506888913668, -0.13829585939983524, 0.1517308479811896, 1.0691720305968553, -0.09849283682609192, -0.1724974826225339, -0.44047379133033904, 1.1527990059819722, 0.56319272438275, -0.26700161685830776, 1.098486618807576, 0.6077644463562736], "biases": [0.00813469154484471, 0.030865337235227032], "score": 48.28333333333347}