{"weights": [0.3011263810093693, -0.5629847854971052, 0.10465813867416557, -0.5411481869970363, -0.2696362634901597, -0.5431803727086923, -0.2071070416613005, -0.17273519860563133, 1.2473494729201908, 1.8189521050812325, -0.4474056355213448, -0.7032592578320274, -0.17749758219816028, -0.2687974921889821, 0.23707230353879766, -0.014953976026912022, 0.7952908526804198, -0.28736404341276744, -0.12358690796332457, -0.24302521834173796], "biases": [0.06965107060455412, 0.10750648339740594], "score": 34.33333333333341}