{"weights": [-0.06596561076896812, 0.6006050800302831, 0.01988487210598565, 0.075910311320404, 1.9547125707063597, -0.034282968226372695, 0.4446728400148843, -1.1508322682130614, 0.9631822403690473, -0.3511401037970562, -0.4252408017046168, -0.12440904999062376, 0.25405760282538453, 0.1527547775014272, 0.40786225907194784, 1.2815249854437771, -0.032880631519857054, -0.12301896496159138, 0.38393972632981455, -1.2917263385391873], "biases": [0.10053965132284502, -0.1020467883019989], "score": 31.1}