{"weights": [-0.7172479044247092, -0.3829717861593832, -0.3778652159637803, -0.03907754951665585, 1.9547125707063597, -0.4667139899100496, -0.07093498371382215, -0.0912617144083013, 0.668780575944502, -0.3511401037970562, 0.18159801980503126, 0.09234421917563974, 0.25405760282538453, 0.1527547775014272, 0.40786225907194784, 0.7659382413893825, -0.05345502372971778, -0.12301896496159138, 0.38393972632981455, -1.2917263385391873], "biases": [0.3087319535162133, -0.1020467883019989], "score": 15.3}