{"weights": [-0.7172479044247092, 0.6006050800302831, 0.01988487210598565, -0.23164253400276363, 1.9547125707063597, -0.034282968226372695, -0.07093498371382215, -0.4276753941353615, 0.6011239709875248, -0.3511401037970562, -0.22788807771048408, -0.12440904999062376, 0.25405760282538453, 0.1527547775014272, 0.40786225907194784, 0.7659382413893825, -0.21099408043630075, -0.12301896496159138, 0.38393972632981455, -1.2917263385391873], "biases": [0.10053965132284502, -0.1020467883019989], "score": 25.900000000000002}