{"weights": [0.7631754301536968, 2.9777972112836433, 2.4006858162212827, 4.925745914224309, -5.654309580429411, -4.414481336524728, -1.4926538762536774, -0.5778129756085796, -2.8548163339570167, 3.1869303048567392, -0.11576816042934854, 0.2762327610667955, -0.9840772879861677, 0.18820498978278932, 2.8693711912939643, 0.1642187059077066, 4.485834636144723, 0.3543851673174001, -0.4017684900926267, -1.7997090223111294], "biases": [5.669972486586937, 0.37740248739335697], "score": 36.39999999999999}