{"weights": [-0.28965715995745767, -0.38458109318994493, 1.327957053865963, -0.426903546475085, -0.5898121024126253, -0.2018221075943504, -1.0247094034402848, 1.1431527256221652, -2.0054867586210006, 1.1692366464660189, 0.06748739906486836, 0.19857213081255579, -1.0160982698092373, 0.6750378841777961, -0.744657639320952, 0.19086426327830788, -0.08892015470050071, 0.5749883354141977, -0.8071890427944144, -0.997864527716511], "biases": [-0.017285993818078854, -0.18295450047615683], "score": 34.99999999999999}