{"weights": [-0.28965715995745767, -0.38458109318994493, 1.327957053865963, -0.8469082685187517, -0.8148005803700961, 0.587855555514431, -0.7952162774410386, 0.510306403583955, -0.8114430776683733, 1.0329069454295854, 0.06748739906486836, 0.19857213081255579, -1.368154544813899, 0.6750378841777961, -0.7489296820063717, -0.12867776072204778, -0.9022465776046991, 0.5749883354141977, -0.8071890427944144, -0.997864527716511], "biases": [-0.017285993818078854, -0.18295450047615683], "score": 41.39999999999999}