{"weights": [-1.3251329234723812, 1.7346849086022331, 0.089534587856614, 2.0039704992442675, 0.28908242682894153, 0.8128965329425435, 0.09856588317772627, 0.7788737392043739, 0.9236360214277035, 4.336748546822655, 0.510083972293373, 0.7782539760518877, -2.4301016687116856, -0.6829807360447391, -0.5955033290296562, -1.2965687641177839, -0.7480587374004253, -0.4061500620306775, -0.6821833200581302, -0.47322972034712496], "biases": [0.820995183070696, 0.14710209267667052], "score": 36.599999999999994}