{"weights": [-1.3169629051725988, -1.3064435500197467, 0.6908326935730884, 0.6678989686384047, 1.22394478585376, -0.508032570099447, 0.2895955030289171, -1.7185119429700575, -0.5519878553744667, 0.7078255489086965, -0.22290414353046384, -0.7940310042711062, -0.45144777117205814, 0.1487540247234088, -0.15841575093548768, -0.09819759771829095, 0.11094200822488984, 0.45990047919856825, -0.06362661955051763, -0.5100825784410272], "biases": [1.209530370277696, -0.08007913002988802], "score": 47.499999999999986}