{"weights": [1.8992474590523671, 1.3558713219882672, 1.077538001531522, -0.36279622426278596, 0.9314029614240363, -1.4290130808027524, 1.826740622927311, -1.2660946408371425, 3.00192398069246, 0.9730583395300706, -0.2279104838295612, 2.055379331052104, -0.3240658003280916, -0.13182528292549422, 0.11991183993036042, 0.11949600723385603, -1.7393829597481147, 0.6661965801663249, -1.9218245281329032, -1.3304455155810628], "biases": [-0.080204274343388, -0.5996503971161187], "score": 45.29999999999999}