{"weights": [1.0528885523266902, 0.6225563384397338, 0.21897736151499228, 0.5075937152897808, -0.08627505559880766, 0.39102485581308766, 0.03364144571605077, 1.2919606848221459, -0.52048859334152, 0.058059764899729895, -0.34518944281310654, 0.8811097660540044, 0.22909287060781225, 1.2210164185507757, -0.8156682102653915, 1.212419668669863, 0.06783140039008882, 0.483924638574475, 0.021142263944216564, 0.3076348790564363], "biases": [-0.09708148776187567, -0.1165737874408934], "score": 44.89999999999999}