{"weights": [0.004447426917423237, 0.5811371524993758, 0.2044903315399096, 0.26757711284848473, -0.7634775309389337, 0.39390312045371834, -0.6620610940048945, -0.8042451665009109, -0.07766150845880321, 0.24146427508624338, 0.12419294526065375, -0.8781629897790426, -0.31727063298347163, -0.5154024922536288, -0.03421533682942554, 0.662438131929187, 0.21896983786677995, -0.07403734730228374, -0.15376883704507813, 0.8842461081121765], "biases": [0.07001600122963444, -0.13953080174078342], "score": 59.90000000000015}