{"weights": [0.08611718794768439, -0.45472955623800043, 1.0939697517463807, 0.3220529708590722, -0.5898121024126253, -0.2018221075943504, -0.09264329699898412, 0.14656516478426007, -1.4939077534620062, 0.9856113615715746, 0.06748739906486836, 0.19857213081255579, -1.0160982698092373, 0.6750378841777961, -0.744657639320952, 0.19086426327830788, -0.08892015470050071, 0.5749883354141977, -0.8071890427944144, -0.997864527716511], "biases": [-0.017285993818078854, -0.18295450047615683], "score": 29.39999999999999}