{"weights": [2.1903233351465405, -1.4473699537775315, -0.501328597183208, 1.1547688252213537, 1.0797297864924842, -5.850741135271864, -0.5967549734676251, 1.3120857956408558, 1.6901428587671194, 1.0714876984692419, 0.4255071701647086, 0.837643060237355, -1.8063307058554428, -0.6122760273408216, -0.8000321565365697, -0.06294517254556486, 0.5351452860683845, -1.5127162562627603, 0.9485058653746001, -2.2417144430317295], "biases": [-0.9511396115578175, 0.19408373975502746], "score": 46.0}