{"weights": [-0.34349827462662996, -0.7032274349572373, 0.3909601870950729, 0.6548707965524508, -0.06088742592989606, 0.681422625470397, 0.5110214657502192, 0.4978659186481105, 0.2865111889928156, 0.8179435353229337, 0.6523577001682869, -0.8483159646568564, -0.5151482504292627, -0.6323993308862103, -0.6319764808445189, 0.5302182037040548, -0.41789546781841325, -0.5371227702710794, -0.6821833200581302, -0.13980844329786946], "biases": [0.168646057681006, 0.024831391636169098], "score": 27.099999999999994}