{"weights": [0.7931338292437946, -3.543949426901663, 1.3185175428812816, 1.3724432534768043, 2.0797152709849507, -1.7551379999397827, 1.0965234497462857, -1.1538652343786309, -0.010050042157540573, -0.44256758451171724, 0.7438446927866105, -0.29746657771442686, -0.12601293822809212, -0.9964160028086227, -0.12358103776221196, -1.2257288892723937, -0.12003833758092869, 0.10451137803964283, -1.1265022100880768, -1.3800924969714452], "biases": [-1.2406740698222507, -0.2577976392601963], "score": 30.099999999999998}