{"weights": [1.602024178900485, 1.5935959632110734, -0.15861737520656538, 0.300282064496091, 1.195775206125416, -1.4290130808027524, 0.9784478542600733, -1.7290610363719612, 3.6790134636288654, 1.1147961048131496, -0.577535982661729, 1.4834694871533949, -1.9386912958685563, -0.13182528292549422, 0.11991183993036042, 0.5010241111439014, -1.8006132034596367, 0.6661965801663249, -1.9218245281329032, -1.3304455155810628], "biases": [-0.080204274343388, -0.5996503971161187], "score": 45.19999999999999}