{"weights": [-0.16078059100441416, -0.5004812130881849, 0.4578923525687192, -0.32868982270388, 1.0801452188472278, 0.7037009690384162, -1.072543191623122, 0.42066380737394765, 0.35899334696545626, -0.9118054262343814, -0.02947524718480273, -0.05394578516852911, -0.4284019549100003, -0.24779163844446286, -0.3947997343604964, 0.1685325856365603, -0.4827580862844743, 0.2214191826604958, 0.16025095213864082, -0.3503287041743501], "biases": [0.0073829713590357685, -0.08584335827185416], "score": 27.19999999999999}