{"weights": [0.8432658413128642, 2.5220475028296643, 0.39310214226329543, 3.0183823233393063, -0.2085273771809909, -2.7320853898867368, -0.624005858960969, 1.423107303372143, -0.08928333377711228, -1.9241525671703354, 2.1239152044268517, -1.8599901948009396, -4.419427784690708, 0.30707623273359763, 0.8606041408723033, -0.21019628590530315, 0.6665455626319127, -0.8292552344282326, -0.48333999149855456, 0.5188835817059121], "biases": [1.771490043404378, -0.06602461705302731], "score": 54.999999999999986}