{"weights": [-0.5560773876759447, 1.0627624351506673, -0.5009503624385927, -0.3225747433189091, 0.6722434760525056, -0.47473549378216295, -1.4913352087773626, 0.039450624955200075, 0.8346110821073969, 0.3882588200496389, 0.6183797451281963, -0.2297888845278132, -0.49002406235622253, 0.5593532621522173, 0.3643218124770407, 0.12297181559593237, 0.363402219565339, -0.382799743769012, -0.06996301332669957, -0.6167786310251719], "biases": [-0.17603098300783554, 0.018761825229969133], "score": 31.1}