{"weights": [-0.4223990404607935, -0.11678833662303428, -0.8879097711666968, 0.778580010964685, -0.14582899654696424, -1.1575279416332274, 0.024470873499903165, 0.544484501015551, 0.4633539971810634, -0.2356983355766727, -1.000236890813889, -0.5780375087578207, -1.4433483675842003, -0.20622497209134452, -0.07533412788061028, 0.6332987193762212, 0.38080307746586084, 0.27697402746950534, 0.3430407682192164, -0.15156488189697317], "biases": [0.28257748739508765, 0.05006556903104037], "score": 16.900000000000002}