{"weights": [-0.6128603399838525, -0.7264234583076776, 0.012149916129520325, -0.8108309584963613, -0.1303399162101613, 0.687494510373702, -0.44373260297472067, -0.29848916471774783, -0.4390992117730888, 0.5334493351964461, -0.6083331106193728, 0.12129712171367409, 0.00617327265775694, 0.6639399233822327, -0.581369216660669, 0.3358864512850823, -0.17606423565669876, -0.8982949130255804, 0.32967600790228735, -0.11812197062074986], "biases": [-1.2384182474655698, -0.08907173137448428], "score": 38.40000000000006}