{"weights": [-1.3169629051725988, -1.534921684141134, 0.6908326935730884, 0.9911175238688593, 1.2375435693920944, -0.508032570099447, 0.2895955030289171, -1.7758348255249807, -0.5519878553744667, 0.7078255489086965, -0.7529839284255571, -0.3191906463079548, 0.3745734772947491, 0.1487540247234088, -0.15841575093548768, -0.09819759771829095, -0.07875470598483889, 0.45990047919856825, -0.06362661955051763, -0.5100825784410272], "biases": [1.209530370277696, -0.08007913002988802], "score": 41.29999999999999}