{"weights": [1.0330828416007432, -4.98494225133059, -1.440436326788018, 2.044410539624323, 1.4856292185867397, -2.0419525978777253, 0.47279303354943586, -1.423511344907287, -0.2894036000867878, -0.4962242347464658, 1.932148712980603, -0.5663525702298213, 0.3178900367706349, -2.0718284911759377, -0.4345297944121705, -1.098087203825658, -2.0513630568966494, 0.10451137803964283, 0.1375995091309573, -1.978127850883621], "biases": [0.018193611524992714, -0.5914452647735962], "score": 42.39999999999999}