{"weights": [1.0997346386922098, 1.1154888506004919, 2.102599385769949, 0.5075937152897808, -0.34400504059931564, 0.4774602690833333, 0.9594763766899297, 2.4476904892408373, -0.6931266553247382, 0.764420905624426, -0.0763879136845999, -0.04151793117721492, 0.43147544403897364, 1.3399126220190622, -0.8304030083619515, 1.7288453004832225, 1.2409712189232533, 0.608810543921946, -0.5019165594926013, -0.0671938553752553], "biases": [0.14059529840367144, -0.04262576685849109], "score": 69.80000000000003}