{"weights": [2.9458400719796263, 0.013336273711535451, -0.08628188503746526, 0.7559526916006823, 0.10588959263603659, -2.9369533230253024, -0.8871404863142967, 1.2108934652511683, 1.8670493009852702, 0.6384649626161303, 0.3687051786514728, -0.29943343929912064, -1.4647862059361896, -0.6186125485685547, -1.3160650004620749, 0.4311569201968744, 0.6809035984517855, -1.9571679841296634, 0.07748062029282066, -2.2417144430317295], "biases": [-0.6330562766008347, 0.19408373975502746], "score": 44.79999999999999}