{"weights": [-0.8463777296066557, 0.2913522497000149, 0.3803775069418346, -0.5151228642472752, 0.971763301246607, -0.3795339757278675, 0.30173880638886036, -0.18299269665221676, 0.5512411223757114, -0.990271657628985, -0.3129763842485383, -0.36085103525774875, -0.15772727730296734, 0.11750269526947818, 0.20193531658628472, 0.009692370802348678, 0.20081121782788539, 0.12242699977832526, -0.24352546169786965, -0.5943009850569332], "biases": [0.08742522155077495, 0.03459517818889623], "score": 18.599999999999998}