{"weights": [0.31219280031465246, -0.5398768635484418, 0.6607002407329192, -0.3346417785258542, -1.2182081437507373, 0.017807346272218704, 0.47730113266971524, 0.021768181668802882, -0.8911778269038696, 0.45280581590904423, 0.2507443961574524, 0.12452746530569726, 0.06555664273112494, -0.09975061135971422, 0.786843548148319, -0.06755055005554535, 0.058071552822079056, 0.22132213996357517, 0.23385981218414625, 1.0500942020938815], "biases": [0.5198303829058407, 0.3747673597044119], "score": 16.799999999999997}