{"weights": [0.3578316323641556, -0.001119666398435595, -0.09421533718341468, -1.408584229685246, -0.0786351837795414, -0.26708359131661713, -0.3892830983602237, -0.2655175925865177, 0.5120568759623517, -0.004004077554828495, -0.47023649300081066, -0.13736124821525605, 0.14313748298410847, -0.24074727682942734, 0.9542531699026054, -0.4546737705912635, 0.005489020812005729, -0.16455682441373404, 0.9014737032429829, 1.062663909042472], "biases": [-0.1038363633815572, -0.17654763986182714], "score": 33.49999999999999}