{"weights": [-0.7477667391531474, 1.2025877413644832, -0.3105503708651973, -0.2815530827658461, 0.7579299426008803, 0.033743356316701, -0.46150482683151006, 0.039450624955200075, 0.8113963954932453, 0.3882588200496389, 0.6183797451281963, -0.1189012978150037, -0.8164557010138273, 0.5424929216948942, 0.3643218124770407, 0.12297181559593237, -0.049822127668339114, -0.382799743769012, -0.06996301332669957, -0.6167786310251719], "biases": [-0.16652600563298992, 0.018761825229969133], "score": 24.9}