{"weights": [-0.8605264982314382, -0.6156511446367827, -0.03245870239180371, 3.9272379025431956, 2.2750448506160996, -1.9738675100668783, -0.2009908435615762, 4.820249157257244, 0.5590387327450719, -4.490961505269418, -0.965304964333688, -2.1770334197845616, -2.25754226554119, -0.055280235067946146, -0.9136559542382299, 4.69465763530227, 2.7939674655917837, 0.6987619207522264, -1.171910211520487, -0.295668636045252], "biases": [0.3594836835466819, -0.02902799442093386], "score": 46.0}