{"weights": [1.7727323327675304, -6.065200248487986, -3.2163806085103555, 2.095641104225904, 1.8913079112533802, -4.99821176247202, -2.478570978531412, 0.5426906062060695, 0.018961184590029365, 1.4837543749042634, 2.159150047406575, -0.2616749584667234, -0.6705362143432134, -1.2853638900741806, -1.371060877329256, 0.15624844428570767, -2.2528951179150383, -0.4588350671734337, 0.007066581447355558, -4.094191681687909], "biases": [-0.05867291391944003, -0.696482669028077], "score": 45.9}