{"weights": [3.0065472996083233, -0.33437021570740066, -0.08628188503746526, 0.9283686559393108, 1.7443548117507073, -3.744316287994313, 0.16153533418042615, 1.5614479245093171, 2.5748388711630827, 0.6384649626161303, 0.4255071701647086, 1.4096563866291847, -2.1196822757038207, -0.3410201280964824, -1.2954626954964017, 0.4311569201968744, 1.0669034759942246, -1.8921987416834007, -0.18564867693568915, -2.2417144430317295], "biases": [-0.6330562766008347, 0.19408373975502746], "score": 45.19999999999999}