{"weights": [1.9670808680392469, -1.9115507969139869, -0.7782820545931599, -2.5742777525452594, -1.546954424154628, -0.8531152264786659, 3.6597932648099745, -2.4522296859542507, -0.6838103205807935, -0.9580173246465183, -1.6731453948803763, 2.702045835672884, 2.4294784033790124, -0.48370832966597865, -7.132182639165574, -0.8164213294993875, 1.863559516238785, 3.9817807580847546, 0.025202350975243593, 1.066620060401861], "biases": [-3.915322557237966, -1.5497497040830734], "score": 109.10000000000028}