{"weights": [1.3586453118758133, 2.3059262001428698, 1.4720121198557103, 1.9893617575275275, 0.569880359839605, -2.8808735338818416, -1.2500470581238463, 1.423107303372143, 1.4860228764339944, 0.12129336335684543, 1.736859101928564, -1.217088325659487, -4.300823078054224, 0.24090741596615833, 0.8606041408723033, 1.7739921474745497, 0.6665455626319127, -0.8292552344282326, -0.4411750660489937, 0.5188835817059121], "biases": [1.4617933970139927, -0.06602461705302731], "score": 54.79999999999998}