{"weights": [-14.339845368340418, 3.43410566439079, -1.871543088198103, 11.592905617952121, 7.29084800842667, 0.7424543025845123, 2.9644802011061553, 12.78731823939034, -7.113859895648586, 2.776413956703429, -10.704946355111437, -5.7198826901438995, -3.893643479816623, -0.25019630662220593, -0.4933916978731674, 8.070723761699472, 7.686708950372879, -0.1279609514797586, 2.267720825338083, -0.7843858296310016], "biases": [6.47428440088586, -1.1177751293603162], "score": 62.49999999999997}