{"weights": [-11.39762539855966, 2.260421058854677, -1.4958892504086045, 11.95444366536705, 6.363304768155352, 2.4075598783907535, -1.74699772491538, 6.829037406071909, -5.8521688236767515, 2.9930459495775974, -11.70135620354171, -1.5784858992272262, -1.0128738911795536, -1.9602761007319696, 0.7124420165990116, 3.679321664570425, 7.609785770814299, 0.3286077234560031, 0.5740212170549512, -0.09984953759597864], "biases": [5.426792324749938, -0.40902771399026255], "score": 61.19999999999998}