{"weights": [0.31520646794532103, -0.6288309969222604, 0.6182242279823867, -0.6012160690883692, -0.5898121024126253, -0.2018221075943504, -0.9586281979355774, 1.1431527256221652, -2.0054867586210006, 1.1692366464660189, 0.8512012173023359, 0.028987665831306852, -1.0160982698092373, 0.6750378841777961, -0.744657639320952, 0.19086426327830788, -0.08892015470050071, 0.5767164399866599, -0.8071890427944144, -0.910311200697852], "biases": [-0.017285993818078854, -0.18295450047615683], "score": 35.199999999999996}