{"weights": [0.23160790262356848, 0.656470811846023, -0.3105503708651973, 0.05123963715035951, 0.7579299426008803, 0.026986052787262405, 0.1474644757146808, 0.3362657355831667, 0.2660146707506446, -0.3423868615016911, -0.6207315047127238, -0.23615779351848154, -0.21513258090299314, 0.5424929216948942, 0.2983194823883152, 0.2532555913324435, 0.9370155576103327, -0.09673080162154445, -0.12490975583385563, -0.24573954285323413], "biases": [0.019608293050312045, 0.018761825229969133], "score": 14.900000000000006}