{"weights": [1.602024178900485, 1.5935959632110734, -0.15861737520656538, 0.5688513330514339, 1.8892674089622465, -0.746617231404409, 0.9784478542600733, -1.7133021593661484, 3.1053264393214013, 1.1147961048131496, -0.577535982661729, 1.4834694871533949, -2.1107218762315867, -0.13182528292549422, 0.11991183993036042, 0.4173418892475639, -2.036040418323942, 0.6661965801663249, -1.9218245281329032, -1.3304455155810628], "biases": [-0.469469598494429, -0.5996503971161187], "score": 45.099999999999994}