{"weights": [1.2914484081741069, 0.14823266793229506, 2.2402985554002175, 0.5075937152897808, -0.08627505559880766, 0.39102485581308766, 0.6734643672062296, 1.2854410217854313, -0.52048859334152, 0.7450082462021667, -0.33509309541145965, 0.7007918958069648, 0.22909287060781225, 1.2210164185507757, -0.8304030083619515, 1.212419668669863, 0.24556974839347662, 0.608810543921946, 0.021142263944216564, 0.3076348790564363], "biases": [-0.09708148776187567, -0.04262576685849109], "score": 66.89999999999999}