{"weights": [-1.8276629553865806, 0.17903395722394844, -1.1685374764569427, 1.7846249048085034, -1.750450928965715, -1.9208644091362286, -0.5001897465442048, 1.3253937866553058, 2.0969166547450824, -0.3361333214410016, -0.5714779504349431, -0.09999614596120487, -2.019633021153239, -0.054430637061257475, -0.07533412788061028, -0.5246438045143834, -1.4075897548491565, 0.3989462404634208, 0.22143173169639244, -0.09836970694706348], "biases": [0.3183305997530743, 0.04425086874740475], "score": 30.900000000000002}