{"weights": [-0.025151535083346357, 0.2275635334389581, 0.3016144943847647, 0.9196411908431865, 0.21030316275485483, 0.30675460889666273, 0.5123696603162868, -0.46559247188912956, 0.611754802699242, 0.7723581691669714, 0.5766807480398577, 0.6637512608901313, 0.8922122034813962, 0.1512066764367239, -0.41863658115365493, 0.5079431514035435, -0.42806710069555254, 0.7993907087523674, 0.3677818041145636, -0.14614395602290947], "biases": [0.03591293986535673, -0.10189783484084153], "score": 39.00000000000001}