{"weights": [-0.7600527483458114, -0.11678833662303428, -0.9684772259783704, 1.9350808184247084, -0.14582899654696424, -1.1575279416332274, -0.21472133152600065, 0.544484501015551, 2.0986457469599484, -0.5363222198720858, -0.3253155301072105, 0.2992959435689918, -1.4433483675842003, -0.054430637061257475, -0.07533412788061028, 0.6332987193762212, 0.6057848667636492, 0.3989462404634208, 0.3430407682192164, -0.14206061038259282], "biases": [0.28257748739508765, 0.04425086874740475], "score": 20.499999999999993}