{"weights": [0.4480646678620976, 0.3968303339412336, 0.4695348517366675, 1.1881389720599658, 0.3883702174346806, -0.3316267414509191, -0.14836764913010644, -0.6027361512582696, 1.189962754753807, 0.4335378375975403, -0.5224570643015318, -0.29509036479595374, -0.7509756334582366, 0.13602816539827772, -0.1423356869879116, -0.2211035174368643, 0.2704871323329523, 1.023550409204844, 0.060820562152314205, -0.02138232579424036], "biases": [0.14873131550415108, -0.3883240042642808], "score": 64.69999999999999}