{"weights": [-0.172043404782911, 0.017830772038785477, -0.26279706005747583, 0.42464509918716714, 0.4994094672969351, 0.37162768255177775, -0.8985401319353091, 0.07201655648504457, 0.42768458464443493, 0.6916513243825209, -0.5371052081422373, 0.354697471042956, -0.32658039857666044, 0.6276195122654599, 0.24850168572267797, -1.0184215648603612, -0.9627334792853975, -0.3019705352825882, 0.04743787020759199, 0.313395284945833], "biases": [-0.06589786138444681, -0.13713824351398593], "score": 72.5}