{"weights": [1.0346169336506899, 0.8729805292398163, -0.34206555181790355, 0.9517251217282842, 0.6845773338515369, -1.1476200810161865, -0.12613774136434175, -1.318595489551707, 2.5606959130920464, 0.6414625655704086, -0.36686988866279185, 0.7259789624574997, -0.47866207235379343, 0.5380101471617342, 0.11991183993036042, 0.08443267894534473, -2.036040418323942, 0.5632241439944684, -1.9166241253937302, -1.3402259427034071], "biases": [0.22464657530965937, -1.0156348484909126], "score": 32.9}