{"weights": [0.3868788102770182, -0.9665919601300794, -0.9300526824915354, -1.9115719956374435, -1.5691485176815072, -0.26708359131661713, -0.025169367670756504, -0.2580958533912542, 0.47591470652264994, 1.2715999916641896, -0.5697284596839016, -0.13736124821525605, 0.31136710996571415, 0.07463260147928877, 0.9542531699026054, -0.48892393932013534, 0.005489020812005729, -0.16455682441373404, 0.9014737032429829, 0.889198638444352], "biases": [-0.024127608455881522, -0.43580916031034345], "score": 48.099999999999994}