{"weights": [2.499545521673363, -6.065200248487986, -3.4002702447423676, 2.0369431891101875, 1.8913079112533802, -4.878462954310917, -2.478570978531412, 0.5426906062060695, 0.018961184590029365, 1.660933378434219, 2.159150047406575, -0.2616749584667234, -0.6705362143432134, -1.2853638900741806, -1.371060877329256, 0.15624844428570767, -2.284857340849721, -0.4588350671734337, 0.007066581447355558, -4.094191681687909], "biases": [-0.08957416394036105, -0.696482669028077], "score": 45.8}