{"weights": [1.6579126110869715, -0.7325410190712881, -0.2278524939212943, 2.1325062588771395, -0.7418507889532935, -1.9374742544844397, -0.25604624334790244, 1.230583147689994, 1.947171254884388, 1.368896505029677, 0.5064312675632765, -0.12715251825683915, -1.09319520612747, -0.2579660217552562, -1.1669984021926807, 0.9710986615540782, -0.05049672489537238, -1.89049505859877, -0.242146500862835, -2.205236156524133], "biases": [-0.5615337362825885, 0.05408406656978253], "score": 35.39999999999999}