{"weights": [-1.1248298691373246, -0.11678833662303428, -0.9684772259783704, 0.8959397792388424, -0.14582899654696424, -1.1575279416332274, 0.024470873499903165, 0.544484501015551, 1.2494243648829841, -0.19913696876897674, -0.3253155301072105, -0.5780375087578207, -1.4433483675842003, -0.20622497209134452, -0.07533412788061028, 0.6332987193762212, 0.38080307746586084, 0.3989462404634208, 0.3430407682192164, -0.3690871981825184], "biases": [0.28257748739508765, 0.05006556903104037], "score": 18.5}