{"weights": [-14.988368500698181, 7.04473545237553, 0.07401570247017736, 13.704269122308945, 6.028040215810063, 2.2927386636283185, -1.4218052209554939, 9.84007672513874, -2.5796690328873355, 5.228195925047467, -12.71938414287559, -4.232998433461647, 1.1772942980346988, -1.633961526993604, -0.5304217360388591, 5.784856899327281, 4.122504858743667, 0.27905047590321175, 3.353568169366731, -1.0718582104674028], "biases": [7.136817377220626, -1.1915494444698123], "score": 67.59999999999997}