{"weights": [-0.28965715995745767, -0.38458109318994493, 1.327957053865963, -0.426903546475085, -0.5898121024126253, -0.2018221075943504, -1.0247094034402848, 1.1431527256221652, -1.2668146510846456, 1.0329069454295854, 0.06748739906486836, 0.19857213081255579, -1.368154544813899, 0.6750378841777961, -0.744657639320952, 0.2522328563973947, -0.15442035518505967, 0.5749883354141977, -0.8071890427944144, -0.997864527716511], "biases": [-0.017285993818078854, -0.18295450047615683], "score": 40.599999999999994}