{"weights": [-0.6996803320168976, 1.6262848631228364, -0.11066247310058118, 0.5185623332944636, 0.5641810115340612, 0.5720115932004287, 0.03149050713411611, 0.9824101888099981, -0.4788139834176478, 0.7400496645971193, -0.21113602184836325, -0.3887670280863342, -0.8488774109823269, 0.09942592032909008, 0.5061262954502166, -0.40480209197700723, 0.2996865340969601, -0.6643333656536758, -0.13200912274749801, -0.07345168096068819], "biases": [-0.2844495702292959, -0.038002823395959985], "score": 48.69999999999999}