{"weights": [0.19879357592980543, 3.0008486332577147, 0.6644769107723119, 0.6898438488668482, 0.8525024364505669, -2.2118237461052876, -1.8936201682170808, 1.234505697736472, 1.6562489055212932, -1.6010777587138971, 0.4540056074095843, 1.1950953585238497, -2.765686137599838, 0.6093004477896078, 0.574953393180115, 0.9338634948585746, -0.7909883711185577, -0.6643333656536758, -0.46848126372340493, 0.279101962499934], "biases": [1.4617933970139927, -0.038002823395959985], "score": 54.69999999999998}