{"weights": [-12.540791857355861, 1.6347378692408485, -0.35660657543426744, 11.387617733091838, 5.34336793186149, -4.16283749007039, -0.9768388595880662, 9.785706938814513, -6.767087450046764, 4.766124419246731, -10.689059327083106, -1.4212677500402102, -2.6395894853632953, -1.7699808966877355, 0.3589022026810991, 4.058250096091859, 10.131862517199627, -0.5320564162870425, 1.9424289445431753, -0.770547063077778], "biases": [6.786024236419217, -0.31819974022600017], "score": 62.399999999999984}