{"weights": [-10.131092103623635, 1.0496903993194473, -1.4283348638638829, 11.743209863049506, 5.462219745329662, -1.0326218785043646, -0.9516176608234174, 9.976783781801053, -5.722433314977501, 4.1714698941831845, -10.580594404946822, -0.9302275200525768, -0.618034230856831, -1.7699808966877355, 0.3400688045462017, 4.289269198172679, 10.230316381936731, -0.5320564162870425, 2.0021724075725795, -0.7805571434189571], "biases": [5.815115819753984, -0.31819974022600017], "score": 61.69999999999998}