{"weights": [1.8753299914648394, -4.5750396567793565, 0.7737778597363257, 1.4372915159268622, 1.2768772844978409, -1.2797189020576911, -0.7180396180799777, -1.1538652343786309, -0.22197098868680123, -0.4962242347464658, 1.345952892831095, -0.5663525702298213, -0.6712337337273365, -1.17940015931072, -0.4345297944121705, -1.0476127251570406, -0.4084330240548312, 0.10451137803964283, -0.6989400143246421, -1.1540065737528797], "biases": [0.2583465027486462, -0.131537336905804], "score": 31.099999999999994}