{"weights": [1.5797529721047043, -1.3139672613066435, 0.44368357661027846, -1.172219952022485, -1.1550796617032368, -1.531727207065979, 2.7072526121789635, -3.0353493280756334, 0.0647873444198761, -1.8662028530599608, 0.05327093183644195, -0.17659070271506183, 1.6953228229750286, -0.6317944286248763, -5.216078924465244, -0.5486864254183594, 3.6851350673332215, 0.016973873770232035, 0.2799053917544101, 0.5499920083100124], "biases": [-4.235327897377469, -1.0807171581612038], "score": 85.80000000000008}