{"weights": [-1.189554969015731, -1.5869527466882738, 0.21286787627996995, 4.1047936233800355, 1.3784346498241813, -1.558668551456638, -1.3531270769324635, 4.8087198654079755, 0.23405033942941664, -1.4464102474183198, -0.8545974113668157, -0.820011369155728, -3.519203816590429, -0.01634649972499924, -0.9136559542382299, 4.44240410764369, 1.2943376596074474, 0.6987619207522264, -1.171910211520487, 0.12048662807021482], "biases": [-1.7942518940223229, -0.02902799442093386], "score": 45.9}