{"weights": [0.31947637970662995, -1.3062946922130025, 1.181632296460598, 3.606738241857625, 3.8420671515798697, -1.517420009096213, -2.344370837862495, 3.6519850483524086, -4.130736860412439, 4.620796850109016, 0.45791361117308393, -2.8087338881651145, -5.346090576810839, 0.16351987823876069, 0.8915311131301219, 0.09643745823763139, 1.4244539412757662, 0.0004671184508062698, -0.7629999039620021, 0.2072044024300972], "biases": [-1.5797418209047687, -0.531087503553183], "score": 58.09999999999998}