{"weights": [-0.34349827462662996, -0.7032274349572373, 0.3909601870950729, 1.818658451913504, -0.06088742592989606, 0.681422625470397, 0.5110214657502192, 0.4978659186481105, 0.2865111889928156, 0.8179435353229337, -0.06559115821178263, -0.8483159646568564, -0.247810399033219, -0.8093519122878738, -0.6319764808445189, 0.5302182037040548, -0.41789546781841325, -0.5371227702710794, -0.6821833200581302, -1.4104783079611418], "biases": [0.4036406492732787, 0.14839483528826128], "score": 33.89999999999999}