{"weights": [1.199809822425427, 0.7974683140388598, -0.8398142190240303, 0.5688513330514339, 0.6845773338515369, -1.1476200810161865, -0.12613774136434175, -1.7133021593661484, 2.5606959130920464, 1.1147961048131496, -0.577535982661729, 0.7259789624574997, -0.47866207235379343, 0.5380101471617342, 0.11991183993036042, 0.08443267894534473, -2.036040418323942, 0.5632241439944684, -1.9166241253937302, -1.3402259427034071], "biases": [0.22464657530965937, -1.0156348484909126], "score": 38.8}