{"weights": [0.23160790262356848, 0.25375791692020633, -0.3105503708651973, 0.26968315216204913, 0.7579299426008803, 0.5633562103118914, -0.3323083248359515, 0.3362657355831667, 0.14248772390468264, 0.4011326134603353, 0.1529950216013987, -0.31597192312774997, 0.2026169513548492, 0.5424929216948942, 0.3643218124770407, 0.07832451524865659, 0.20925798752852262, -0.09673080162154445, -0.06996301332669957, -0.14662649294174937], "biases": [0.019608293050312045, 0.018761825229969133], "score": 12.900000000000006}