{"weights": [-12.179032058145287, 0.16232775086734377, -1.748339335942142, 10.358985748976357, 4.975063258120188, -0.9198607391516038, -0.3797513051585856, 7.9013402233101, -6.213832962434452, 4.077256260849199, -11.54116692478837, -2.3274580428784084, -1.7515719907144809, -1.7296191295630037, 1.0704718909274877, 3.88554907460838, 8.840999936991377, 0.42646202469119665, 0.11407038057867919, -0.6867337505363799], "biases": [5.7046323769500145, -0.31819974022600017], "score": 61.39999999999998}