{"weights": [1.1935004639593263, -0.7325410190712881, -0.8397951230465801, 0.5974947490941797, 0.10588959263603659, -1.9056155325017463, -0.35082533727082227, 0.939113094668793, 1.8670493009852702, 0.7071726898358022, 0.21837786674750648, -0.29943343929912064, -0.15005751654106353, -0.21428992251989987, -1.1669984021926807, 0.4311569201968744, 0.6809035984517855, -1.6975440780183262, -0.242146500862835, -1.9797813493760308], "biases": [-0.6556331517226281, -0.08317666690361934], "score": 37.5}