{"weights": [-14.622579519537334, 5.024106215060395, -3.4752423169783078, 10.621442133315945, 8.926030620168447, 1.276852365716674, 1.7076103403800917, 13.217776656684523, -7.310451321871612, 2.340714580935085, -10.487005028100532, -5.94025999713943, -3.6134194899151186, -1.0654689583902615, -0.10568778010988217, 6.265408329747585, 6.76951818167275, -0.1279609514797586, 2.6271328544772583, -0.9049924285220544], "biases": [7.102794731829283, -1.1177751293603162], "score": 63.69999999999998}