{"weights": [1.1935004639593263, -0.7325410190712881, -0.8397951230465801, 0.5974947490941797, -1.0130783055630024, -1.9056155325017463, -0.35082533727082227, 0.939113094668793, 1.8402758664577639, 0.7071726898358022, 0.21837786674750648, -0.6489421147740797, -0.24515836165423438, -0.21428992251989987, -1.1669984021926807, 0.1229140488969922, -0.08658433584114389, -1.6386180972328708, -0.242146500862835, -1.9797813493760308], "biases": [-0.13181012695476124, -0.08317666690361934], "score": 32.599999999999994}