{"weights": [2.813096852928844, -1.4473699537775315, -1.2925131996595196, 1.562326212344367, 1.0797297864924842, -5.850741135271864, -0.5967549734676251, 1.3120857956408558, 1.6901428587671194, 1.0714876984692419, 0.4255071701647086, 0.837643060237355, -2.0198565059394613, -0.6122760273408216, -0.8000321565365697, -0.06294517254556486, 0.5098772889637243, -1.5127162562627603, 0.9485058653746001, -2.2417144430317295], "biases": [-0.9511396115578175, 0.19408373975502746], "score": 45.599999999999994}