{"weights": [1.7727323327675304, -5.891680950489814, -3.2163806085103555, 2.095641104225904, 1.8913079112533802, -4.99821176247202, -2.6336198740339647, 0.5426906062060695, 0.018961184590029365, 1.4837543749042634, 2.159150047406575, -0.2616749584667234, -0.6705362143432134, -1.2853638900741806, -1.371060877329256, 0.20311625182435103, -2.196486805261599, -0.4588350671734337, 0.007066581447355558, -4.094191681687909], "biases": [-0.08957416394036105, -0.696482669028077], "score": 46.0}