{"weights": [1.8753299914648394, -4.98494225133059, -0.3376346289242749, 2.044410539624323, 1.4856292185867397, -2.0419525978777253, -0.3279641376234978, -1.1538652343786309, -0.22197098868680123, -0.4962242347464658, 1.7387285365758447, -0.5663525702298213, 0.3178900367706349, -2.0718284911759377, -0.4345297944121705, -1.098087203825658, -2.0513630568966494, 0.10451137803964283, 0.1375995091309573, -1.978127850883621], "biases": [0.018193611524992714, -0.5914452647735962], "score": 39.599999999999994}