{"weights": [-10.673402698586626, 2.097388261082038, -0.051494536870039465, 10.275382735012185, 2.6603572737051424, -3.652610256397513, -5.096727256959094, 8.985153708362379, -3.1385523608555452, 4.630508807137998, -14.524956617655029, -4.579258961915288, 0.37178776463802576, -1.1526688979869149, 0.014135709752780445, 0.568537350570876, -1.0853489131572818, -0.17931691748552353, 3.142337087236215, -1.0854426154268253], "biases": [10.33454821144808, -1.3531948359321435], "score": 70.39999999999998}