{"weights": [0.6445631651877166, -0.7325410190712881, -0.3261564488956078, 0.5974947490941797, -0.31054248262607437, -1.9056155325017463, -0.35082533727082227, 0.875747957424061, 0.7993617314783011, 0.1964305327297477, 0.21837786674750648, -0.6489421147740797, -0.24515836165423438, 0.1350302596012296, -1.1669984021926807, -0.0805390094707783, 0.7606085693482962, -1.8973681304385055, -0.10777483573756642, -1.9797813493760308], "biases": [0.72721875261596, -0.08317666690361934], "score": 27.999999999999996}