{"weights": [0.30923979490644904, -0.03226725750596332, -0.4841966976583005, -0.4270763212232515, 0.011632451555228036, 0.38361763123453874, -0.2669305352533269, -0.5459222525871429, -0.15354756600128514, -0.2518806094947413, -0.05379302159673471, 0.3996957922072529, 0.4678337214217732, -0.8928948632977761, 1.0302662025790421, -0.12322285492808473, -0.005556162559128498, 0.530432742636566, 0.1844116097390813, -0.34759803341546325], "biases": [0.03479519474036476, 0.6687124315237924], "score": 0.4}