{"weights": [1.2161928256306371, 0.7839431657528032, 2.102599385769949, 0.5075937152897808, -0.34400504059931564, 0.2606297273742097, 0.6858231667291219, 2.4476904892408373, -0.6931266553247382, 0.6695244693310202, 0.009936271908734903, -0.04222200062108942, 0.3103262901110816, 1.3399126220190622, -0.8304030083619515, 1.7288453004832225, 1.2409712189232533, 0.608810543921946, -0.5019165594926013, -0.14691418774296355], "biases": [0.14059529840367144, -0.04262576685849109], "score": 72.20000000000002}