{"weights": [-1.4492482063669438, -0.47756339148987687, -1.5826980676723144, 1.5697865671337305, -0.5240363993708104, -1.5279686301345765, -0.5001897465442048, 1.3253937866553058, 1.1127913698268, -0.3361333214410016, -0.46066178009111514, -0.8733253229593935, -2.019633021153239, -0.054430637061257475, -0.07533412788061028, 0.6911751307127517, 0.6057848667636492, 0.3989462404634208, 0.37421000230231466, -0.09836970694706348], "biases": [0.10574047530047567, 0.04425086874740475], "score": 25.3}