{"weights": [-10.589982029051134, 3.061687643427313, 0.36282442333809173, 9.296494885240058, 2.6121325200478576, -3.132792752595009, -4.1520644072807835, 7.875093165499868, -3.1385523608555452, 6.537747278559703, -14.17164454195913, -6.330510016519222, 1.046496500693753, -1.5769296880021477, 0.014135709752780445, 1.5259881389409382, -1.238661441114973, 0.10693067942817787, 3.142337087236215, -1.0854426154268253], "biases": [9.695450243843323, -1.3531948359321435], "score": 68.39999999999998}