{"weights": [-0.7560995321384323, -0.11449719570174888, 0.089534587856614, 2.231246912538914, -0.06088742592989606, 0.8128965329425435, 0.9301691967992123, 0.4978659186481105, 0.8798188254774544, 2.0082702525353464, -0.06559115821178263, -0.8483159646568564, -0.19710321537036532, -0.8093519122878738, -0.6319764808445189, 0.5302182037040548, -0.2342870248148748, -0.5371227702710794, -0.6821833200581302, -1.160579779765732], "biases": [-0.06345076583784903, 0.14839483528826128], "score": 34.099999999999994}