{"weights": [-12.189405381431811, -1.6135864762493723, -0.2135061165716216, 9.986841267178622, 1.2779998965624082, -3.673205962728616, -4.200190467081598, 10.248168406016935, -2.6676027680295236, 1.6150184746320253, -12.734710404235567, -4.332796173464344, 0.7670600455841377, -1.1526688979869149, 0.28999314501991574, 1.645688838997468, 0.19204952665862707, -0.17931691748552353, 3.142337087236215, -1.0854426154268253], "biases": [10.121596137051544, -1.67266507007988], "score": 72.59999999999998}