{"weights": [0.12891196922663173, -0.3575468618201791, 1.6471524405393263, 2.0006341626160493, 1.0710100862564065, -1.7996743690547308, 0.6838774472297913, 3.746071589831309, 0.7064309970473535, 0.9299245219034018, -0.8668382738287151, 0.1944983006363062, -2.733851488472518, -0.01634649972499924, -0.9136559542382299, 4.506551540751216, 0.3914930596143534, 0.6987619207522264, -1.171910211520487, 0.12048662807021482], "biases": [0.844974478214026, -0.02902799442093386], "score": 45.39999999999999}