{"weights": [0.3868788102770182, -1.428245993638271, -0.614081056855362, -2.2460386037330426, -2.6832777923174267, -0.9003061843031033, -1.127028270510661, 0.049999795554744764, 0.9764400420330271, 1.2715999916641896, -0.3758861409948854, -1.2135687451072976, 1.4391347742076968, 0.07463260147928877, 0.9542531699026054, -1.2351310873151395, 0.07041273077528774, -0.16455682441373404, 0.9014737032429829, 0.889198638444352], "biases": [-0.47308751114272635, -0.43580916031034345], "score": 48.29999999999999}