{"weights": [0.3294928730017833, -0.12443927640269603, 0.39321432213898355, -0.5051117437351869, -1.1550796617032368, -0.8548004769735842, 0.7066234476242266, -1.8406612635603519, 0.13670218159201875, -2.504280715676014, 0.13361111883582583, 0.08669086013141464, 1.3821631907803111, -0.6063998105407439, -4.658426930878793, -0.5486864254183594, 2.816306120069796, -0.18748887054226926, 0.439858199187775, 0.27144440576343454], "biases": [-3.842430742714092, -0.27634690413364954], "score": 79.30000000000013}