{"weights": [3.5272405356258965, -1.0903551089170405, -1.4143265736904373, -2.037331359039294, -1.2663424645792483, -3.1673876914873205, 0.48353806518790304, -0.5875533995547946, -1.5604685465593822, 0.9319699930678887, -2.0204655544760994, 1.9633130404537, 4.388960785069567, 0.143999786413177, -8.004024699925816, -2.1703691094894872, 0.7739539788318359, 1.440670582909348, 0.0038414406836296267, 2.0506445325776963], "biases": [-4.811634648832059, 1.1242121164434093], "score": 109.30000000000027}