{"weights": [-8.82254691001584, 4.248455624461513, 0.31826598973311904, 10.661662522622015, 2.531870646577132, -1.9615214009178374, -6.024339639399772, 8.215139618950962, -3.4049093125326166, 3.682106589576581, -16.581748846979238, -7.28996350559939, 1.1662035673315343, -1.4815223229300352, -0.05916777290117407, 1.8724735058880513, -0.011064776493588946, 0.12872092527267126, 3.0835280000501584, -1.0689646469042426], "biases": [8.374883927179589, -1.3461279624352671], "score": 68.19999999999999}