{"weights": [2.0985298608135654, -0.5315476181323529, -0.08628188503746526, 0.7559526916006823, 0.10588959263603659, -2.9810684008361203, -0.8871404863142967, 1.2108934652511683, 2.8193474560319687, 0.6384649626161303, 0.3687051786514728, -0.29943343929912064, -2.819741876798952, -0.6186125485685547, -1.3160650004620749, 0.4311569201968744, 0.6809035984517855, -1.9571679841296634, 0.07748062029282066, -2.2417144430317295], "biases": [-0.6330562766008347, 0.19408373975502746], "score": 44.599999999999994}