{"weights": [0.4480646678620976, 0.3968303339412336, 0.4695348517366675, 1.1881389720599658, 0.6723170754451768, -0.3316267414509191, -0.29455030846541286, -0.6027361512582696, 1.189962754753807, 0.6522221575052753, -0.5224570643015318, -0.9432763882497293, -0.7509756334582366, 0.13602816539827772, -0.1423356869879116, 0.07027364064007025, 0.2704871323329523, 1.2593308346221455, 0.060820562152314205, -0.02138232579424036], "biases": [-0.032324856389913656, -0.3883240042642808], "score": 49.89999999999999}