{"weights": [-1.4492482063669438, -0.0853702497322088, -1.5826980676723144, 1.5697865671337305, -0.8189120747985967, -1.5279686301345765, -0.5001897465442048, 1.3253937866553058, 1.1127913698268, -0.3361333214410016, -0.46066178009111514, -0.8733253229593935, -1.4433483675842003, -0.054430637061257475, -0.07533412788061028, 0.6911751307127517, 0.6057848667636492, 0.3989462404634208, 0.37421000230231466, -0.5009133324332318], "biases": [0.10574047530047567, 0.04425086874740475], "score": 21.100000000000005}