{"weights": [-0.5474330005106283, 1.2269475374965766, 1.1378345161199357, 2.8909699266966378, 0.9135796710593529, -1.2058768612575825, 0.6383189362286374, 1.7481097257753677, 1.500792245305366, 0.6807019629229474, 0.6082341021506806, -0.37669305489009847, -2.0296090177609862, -0.2942133521304446, -0.6319764808445189, 2.2238119006746357, -0.8291045946434916, 0.8647458154011508, -1.5209383702538215, -0.2821851995877684], "biases": [-0.25642303235186326, 0.06177109395756636], "score": 39.89999999999999}