{"weights": [-1.375991754186975, -0.3657623129606232, -1.5826980676723144, 1.0943015601920025, -0.8189120747985967, -1.5279686301345765, -0.5001897465442048, 1.3253937866553058, 1.1127913698268, -0.3361333214410016, -0.46066178009111514, -0.8733253229593935, -1.4433483675842003, -0.054430637061257475, -0.07533412788061028, 0.6911751307127517, 0.6057848667636492, 0.3989462404634208, 0.37421000230231466, -0.5009133324332318], "biases": [0.28257748739508765, 0.04425086874740475], "score": 21.099999999999998}