{"weights": [-1.4256500394101979, -1.4028936389090676, 0.6908326935730884, 0.9911175238688593, 1.3621202756154724, -0.508032570099447, 0.8078190029390339, -0.4548035377926172, -0.5519878553744667, 0.7078255489086965, -0.7529839284255571, -0.3191906463079548, 0.3745734772947491, 0.1487540247234088, -0.15841575093548768, -0.09819759771829095, -0.07875470598483889, 0.45990047919856825, -0.06362661955051763, -0.5100825784410272], "biases": [1.209530370277696, -0.08007913002988802], "score": 24.099999999999998}