{"weights": [-0.21315716801126164, -0.8995794220152097, -0.27360846789557647, 0.5487679191543285, -0.8238068880874804, -0.5556732211523846, 0.3737231305135753, 0.44298172920477424, -0.6834034920288863, 0.058779606337103156, 0.17804397503257557, 0.6303896574715978, 0.6652258182253156, -0.057645383263682924, -0.014803368489325822, 0.12054157371995187, 0.3399893498397643, 0.11281286447711866, -0.8474806630705047, 0.6740146807416245], "biases": [0.17730529631371586, -0.14559645546439007], "score": 36.49999999999999}