{"weights": [0.2545182702900925, -5.8590685461995085, -0.167714744562516, -0.38638446683659405, 1.5457709830862365, -0.2249008877077871, 0.033866395616432426, -0.20220593417306773, 0.024556777442209743, -0.41361065185224466, 1.0784451238072839, -0.5510894572972362, 0.29133946484441764, -1.5114161728674422, -0.12358103776221196, -1.0476127251570406, 0.6281050840837888, 0.07155849914182087, -0.9330041842876674, -1.0504737732807092], "biases": [-0.1915062600436182, -0.131537336905804], "score": 27.299999999999997}