{"weights": [0.9609637236376956, -2.002215400294089, -0.7238534672042871, -1.2203892646787429, -1.0220842886233021, -1.9462367854059193, 2.8204414131072326, -2.5595068826205067, -0.7521084680936655, -1.3407651511658614, 0.8374296263834287, 0.5673290699220774, 3.500655533455274, -0.7398011585815594, -5.643180338926815, -1.143941905621676, 2.2917454377388795, 0.9267009021446322, 0.6561940605687988, 0.27144440576343454], "biases": [-4.650136488900164, -0.7906225669029014], "score": 88.80000000000018}