{"weights": [0.06559671295593945, -0.009863790443945685, -0.04497248293862395, 0.4186336400522641, -0.967343250511445, 0.4132913280327312, -0.37015831022715506, -0.513349260519366, 0.0893647178144245, -0.4579904486340761, -0.10472189274248367, -0.40881810873252533, -0.15544521851052415, -0.20057204785991256, 0.05508966738666258, 0.20844550741709414, 0.08627271289752989, -0.39949852934664837, -0.049532114075741374, -0.328331121545084], "biases": [0.09971331696928101, -0.00710852426848366], "score": 62.80000000000014}