{"weights": [0.3578316323641556, -1.2202593500651449, -0.09421533718341468, -1.408584229685246, -0.6836005828496952, -0.26708359131661713, -0.3892830983602237, -0.2655175925865177, 0.5120568759623517, 0.383551086289979, -1.001043562245521, -0.13736124821525605, 0.14313748298410847, 0.07463260147928877, 0.9542531699026054, -0.4546737705912635, 0.005489020812005729, -0.16455682441373404, 0.9014737032429829, 0.889198638444352], "biases": [-0.3057379753465775, -0.43580916031034345], "score": 46.899999999999984}