{"weights": [-8.977342078910363, 1.7430506094818514, -2.8568660102718653, 12.27085808852165, 5.490772079422103, 0.6552283998154909, -3.3238672489086354, 6.746280442265795, -5.83105118293467, 4.448329819568546, -11.286950463751388, -4.848587808258244, -0.2839078912280876, -1.9988125236022174, 0.9628421142458147, 1.9523589299993351, 8.450834726936149, 0.7351528350323535, 0.7317026965577346, -0.25332881376582694], "biases": [4.798980216324179, -1.1039244397215213], "score": 58.999999999999986}