{"weights": [1.2069854854854558, 0.7837407435149292, -0.44006299731831566, 0.777171711263152, 0.6845773338515369, -0.8843763058288946, -0.13450786379638657, 0.18956174752094135, 1.6143523675269518, -0.24084978805876128, -0.7494254996583055, 0.3799670304010605, -0.3673753339180257, 0.5696726370585828, 0.11991183993036042, -0.4412551222989061, -1.6585656106960034, 0.3445387796073054, -1.6925348328124121, -0.9402084548669557], "biases": [0.05418694417377312, -1.0156348484909126], "score": 26.599999999999994}