{"weights": [0.3294928730017833, 0.17202012899648478, 0.11419257640093941, -1.1359089555587096, -1.5347061862735982, -0.5942200092866047, 1.086201036316829, -1.5310108626962147, -0.23192587040907786, -1.7900641841064078, -0.15365224205085548, -0.3119793671525372, 0.3753975265677126, -0.5314876176687441, -2.6779583065909236, -0.4919685755834865, 0.0127559117946337, 0.047364957566600696, -0.046254779511505806, -0.16479398059380862], "biases": [0.06345744512695384, 0.45171926256783684], "score": 73.10000000000026}