{"weights": [-0.5238276325846107, 0.7044241334112304, -0.3105503708651973, 0.05123963715035951, 0.7579299426008803, 0.4724701620126179, -0.46150482683151006, 0.3362657355831667, 0.8113963954932453, 0.3882588200496389, 0.1529950216013987, -0.23615779351848154, -0.8170344427284684, 0.5424929216948942, 0.3643218124770407, 0.07832451524865659, -0.049822127668339114, -0.382799743769012, -0.06996301332669957, -0.6167786310251719], "biases": [0.019608293050312045, 0.018761825229969133], "score": 20.3}